<?xml version='1.0' encoding='UTF-8'?>
<?artifactRepository version='1.1.0'?>
<repository name='file:/G:/workspace/Anypointworkspace/trade-events-connector/target/update-site/ - artifacts' type='org.eclipse.equinox.p2.artifact.repository.simpleRepository' version='1'>
  <properties size='2'>
    <property name='p2.timestamp' value='1500835325597'/>
    <property name='p2.compressed' value='false'/>
  </properties>
  <mappings size='3'>
    <rule filter='(&amp; (classifier=osgi.bundle))' output='${repoUrl}/plugins/${id}_${version}.jar'/>
    <rule filter='(&amp; (classifier=binary))' output='${repoUrl}/binary/${id}_${version}'/>
    <rule filter='(&amp; (classifier=org.eclipse.update.feature))' output='${repoUrl}/features/${id}_${version}.jar'/>
  </mappings>
  <artifacts size='2'>
    <artifact classifier='osgi.bundle' id='org.mule.tooling.ui.contribution.trade-events.3.5.0' version='1.0.0.201707231441'>
      <properties size='3'>
        <property name='artifact.size' value='396572'/>
        <property name='download.size' value='396572'/>
        <property name='download.md5' value='000a9030577c8510d551a5cc50fdf750'/>
      </properties>
    </artifact>
    <artifact classifier='org.eclipse.update.feature' id='org.mule.tooling.ui.extension.trade-events-connector.3.5.0' version='1.0.0.201707231441'>
      <properties size='4'>
        <property name='artifact.size' value='651'/>
        <property name='download.size' value='651'/>
        <property name='download.md5' value='56f64bde8508ef4f60779fdba8b28023'/>
        <property name='download.contentType' value='application/zip'/>
      </properties>
    </artifact>
  </artifacts>
</repository>
